"country","year","cpicss"
"Argentina",1864,0.0001122
"Argentina",1865,0.0001017
"Argentina",1866,9.21e-05
"Argentina",1867,9.47e-05
"Argentina",1868,9.47e-05
"Argentina",1869,8.93e-05
"Argentina",1870,9.35e-05
"Argentina",1871,0.0001001
"Argentina",1872,0.0001178
"Argentina",1873,0.0001178
"Argentina",1874,0.000115
"Argentina",1875,0.0001111
"Argentina",1876,0.0001137
"Argentina",1877,0.0001273
"Argentina",1878,0.00013
"Argentina",1879,0.0001367
"Argentina",1880,0.0001393
"Argentina",1881,0.0001084
"Argentina",1882,0.0001001
"Argentina",1883,9.35e-05
"Argentina",1884,9.89e-05
"Argentina",1885,0.0001245
"Argentina",1886,0.0001084
"Argentina",1887,9.89e-05
"Argentina",1888,8.4e-05
"Argentina",1889,9.6e-05
"Argentina",1890,0.0001354
"Argentina",1891,0.0001502
"Argentina",1892,0.0001354
"Argentina",1893,0.0001232
"Argentina",1894,0.0001434
"Argentina",1895,0.0001557
"Argentina",1896,0.0001664
"Argentina",1897,0.0001557
"Argentina",1898,0.0001393
"Argentina",1899,0.0001258
"Argentina",1900,0.0001354
"Argentina",1901,0.0001434
"Argentina",1902,0.0001434
"Argentina",1903,0.0001421
"Argentina",1904,0.0001367
"Argentina",1905,0.0001583
"Argentina",1906,0.0001624
"Argentina",1907,0.0001734
"Argentina",1908,0.0001746
"Argentina",1909,0.0001842
"Argentina",1910,0.0001828
"Argentina",1911,0.0001842
"Argentina",1912,0.0001909
"Argentina",1913,0.0002014
"Argentina",1914,0.0002014
"Argentina",1915,0.0002156
"Argentina",1916,0.0002316
"Argentina",1917,0.0002719
"Argentina",1918,0.0003403
"Argentina",1919,0.0003222
"Argentina",1920,0.0003746
"Argentina",1921,0.0003363
"Argentina",1922,0.0002799
"Argentina",1923,0.0002759
"Argentina",1924,0.0002799
"Argentina",1925,0.0002739
"Argentina",1926,0.0002658
"Argentina",1927,0.0002638
"Argentina",1928,0.0002356
"Argentina",1929,0.0002638
"Argentina",1930,0.0002679
"Argentina",1931,0.0002295
"Argentina",1932,0.0002054
"Argentina",1933,0.0002187
"Argentina",1934,0.0002098
"Argentina",1935,0.0002392
"Argentina",1936,0.0002392
"Argentina",1937,0.0002449
"Argentina",1938,0.0002433
"Argentina",1939,0.000246
"Argentina",1940,0.0002467
"Argentina",1941,0.0002741
"Argentina",1942,0.0002754
"Argentina",1943,0.0002646
"Argentina",1944,0.0002749
"Argentina",1945,0.0003369
"Argentina",1946,0.0003999
"Argentina",1947,0.0004595
"Argentina",1948,0.0005461
"Argentina",1949,0.00073
"Argentina",1950,0.0008914
"Argentina",1951,0.001339
"Argentina",1952,0.0015944
"Argentina",1953,0.001583
"Argentina",1954,0.0018365
"Argentina",1955,0.0019737
"Argentina",1956,0.0023028
"Argentina",1957,0.002893
"Argentina",1958,0.0043612
"Argentina",1959,0.0087931
"Argentina",1960,0.0104203
"Argentina",1961,0.0121322
"Argentina",1962,0.0158538
"Argentina",1963,0.0196312
"Argentina",1964,0.0231852
"Argentina",1965,0.0320425
"Argentina",1966,0.0416348
"Argentina",1967,0.0530227
"Argentina",1968,0.0580934
"Argentina",1969,0.0619637
"Argentina",1970,0.075436
"Argentina",1971,0.1049479
"Argentina",1972,0.1722706
"Argentina",1973,0.2476689
"Argentina",1974,0.3469879
"Argentina",1975,1.5092578
"Argentina",1976,6.7546774
"Argentina",1977,17.5915561
"Argentina",1978,47.4698379
"Argentina",1979,113.8020408
"Argentina",1980,213.5320119
"Argentina",1981,493.8444511
"Argentina",1982,1529.5873946
"Argentina",1983,8163.3113116
"Argentina",1984,0.0643252
"Argentina",1985,0.3122464
"Argentina",1986,0.5680029
"Argentina",1987,1.560812
"Argentina",1988,7.6126834
"Argentina",1989,382.4283236
"Argentina",1990,5521.9927583
"Argentina",1991,10159.7447725
"Argentina",1992,11942.3614579
"Argentina",1993,12821.9129867
"Argentina",1994,13316.1185488
"Argentina",1995,13530.209649
"Argentina",1996,13537.5587132
"Argentina",1997,13581.9598952
"Argentina",1998,13672.2089919
"Argentina",1999,13424.6797906
"Argentina",2000,13326.7326126
"Argentina",2001,13120.629503
"Argentina",2002,18493.0711994
"Argentina",2003,19170.1083037
"Argentina",2004,20338.8656298
"Argentina",2005,22846.4417349
"Argentina",2006,25094.3096267
"Argentina",2007,27220.7251568
"Argentina",2008,29187.9719489
"Argentina",2009,31439.6959181
"Argentina",2010,34873.5749708
"Argentina",2011,38194.8678252
"Argentina",2012,42332.4106183
"Argentina",2013,46960.6534171
"Argentina",2014,58190.1517424
"Argentina",2015,73843.1896502
"Argentina",2016,1e+05
"Brazil",1830,5.259
"Brazil",1831,5.259
"Brazil",1832,4.4887
"Brazil",1833,5.0498
"Brazil",1834,5.706
"Brazil",1835,4.8216
"Brazil",1836,5.4777
"Brazil",1837,6.7901
"Brazil",1838,7.6745
"Brazil",1839,7.2371
"Brazil",1840,8.5495
"Brazil",1841,8.5495
"Brazil",1842,5.706
"Brazil",1843,7.0184
"Brazil",1844,5.9152
"Brazil",1845,6.7901
"Brazil",1846,7.8933
"Brazil",1847,7.4463
"Brazil",1848,8.1025
"Brazil",1849,7.2371
"Brazil",1850,6.3622
"Brazil",1851,6.7901
"Brazil",1852,7.0184
"Brazil",1853,6.3622
"Brazil",1854,8.3402
"Brazil",1855,8.7682
"Brazil",1856,9.2057
"Brazil",1857,9.6526
"Brazil",1858,9.2057
"Brazil",1859,9.4244
"Brazil",1860,9.4244
"Brazil",1861,9.4244
"Brazil",1862,9.6526
"Brazil",1863,9.6526
"Brazil",1864,10.3088
"Brazil",1865,10.965
"Brazil",1866,11.1837
"Brazil",1867,11.3929
"Brazil",1868,12.4961
"Brazil",1869,12.7148
"Brazil",1870,12.4961
"Brazil",1871,11.6212
"Brazil",1872,12.4961
"Brazil",1873,12.2869
"Brazil",1874,12.7148
"Brazil",1875,11.3929
"Brazil",1876,12.2869
"Brazil",1877,12.7148
"Brazil",1878,12.2869
"Brazil",1879,11.8399
"Brazil",1880,10.965
"Brazil",1881,11.1837
"Brazil",1882,11.3929
"Brazil",1883,11.1837
"Brazil",1884,10.965
"Brazil",1885,10.965
"Brazil",1886,10.5275
"Brazil",1887,10.0806
"Brazil",1888,9.8618
"Brazil",1889,11.3929
"Brazil",1890,11.3929
"Brazil",1891,14.2554
"Brazil",1892,17.7551
"Brazil",1893,20.5986
"Brazil",1894,20.8363
"Brazil",1895,19.077
"Brazil",1896,20.1706
"Brazil",1897,23.6798
"Brazil",1898,24.783
"Brazil",1899,24.1173
"Brazil",1900,21.9205
"Brazil",1901,19.077
"Brazil",1902,16.652
"Brazil",1903,16.4427
"Brazil",1904,17.3177
"Brazil",1905,16.2335
"Brazil",1906,15.5678
"Brazil",1907,16.4427
"Brazil",1908,17.3177
"Brazil",1909,17.0989
"Brazil",1910,16.8897
"Brazil",1911,16.4427
"Brazil",1912,16.2145
"Brazil",1913,16.4405
"Brazil",1914,16.4405
"Brazil",1915,17.9094
"Brazil",1916,19.2653
"Brazil",1917,21.1297
"Brazil",1918,23.7285
"Brazil",1919,24.5194
"Brazil",1920,26.9488
"Brazil",1921,27.7397
"Brazil",1922,29.9996
"Brazil",1923,33.3894
"Brazil",1924,39.039
"Brazil",1925,41.6379
"Brazil",1926,42.9373
"Brazil",1927,44.0672
"Brazil",1928,43.4457
"Brazil",1929,43.1068
"Brazil",1930,39.2085
"Brazil",1931,37.7961
"Brazil",1932,37.9091
"Brazil",1933,37.6266
"Brazil",1934,40.5079
"Brazil",1935,43.9013598
"Brazil",1936,50.8910217
"Brazil",1937,55.2469481
"Brazil",1938,56.0664
"Brazil",1939,56.9289
"Brazil",1940,60.8104
"Brazil",1941,68.1422
"Brazil",1942,79.7868
"Brazil",1943,83.237
"Brazil",1944,94.9595
"Brazil",1945,102.7797
"Brazil",1946,129.0332
"Brazil",1947,158.6382
"Brazil",1948,166.9095
"Brazil",1949,174.1845
"Brazil",1950,180.6281
"Brazil",1951,200.9981
"Brazil",1952,255.6646
"Brazil",1953,305.5505
"Brazil",1954,374.1434
"Brazil",1955,442.7363
"Brazil",1956,557.0579
"Brazil",1957,633.9651
"Brazil",1958,777.3868
"Brazil",1959,1109.9586
"Brazil",1960,1467.4731
"Brazil",1961,2099.3599
"Brazil",1962,3408.8623
"Brazil",1963,6152.5796
"Brazil",1964,11411.373
"Brazil",1965,16108.9492
"Brazil",1966,23487.8887
"Brazil",1967,29515.75
"Brazil",1968,36998.6172
"Brazil",1969,45312.918
"Brazil",1970,53211.5
"Brazil",1971,64227.9414
"Brazil",1972,75452.25
"Brazil",1973,86052.9688
"Brazil",1974,115170.2813
"Brazil",1975,151106.8438
"Brazil",1976,218845.2031
"Brazil",1977,313189.5313
"Brazil",1978,432913.7813
"Brazil",1979,761829.875
"Brazil",1980,1517950
"Brazil",1981,2969460
"Brazil",1982,6081170
"Brazil",1983,16055021
"Brazil",1984,50615592
"Brazil",1985,173.2216
"Brazil",1986,311.2178
"Brazil",1987,1442.219
"Brazil",1988,15579.0439
"Brazil",1989,322939.8125
"Brazil",1990,5557686
"Brazil",1991,31828870
"Brazil",1992,388.026
"Brazil",1993,10000
"Brazil",1994,101645.7031
"Brazil",1995,124422.625
"Brazil",1996,136323.5938
"Brazil",1997,142951
"Brazil",1998,146506.0156
"Brazil",1999,158855.0156
"Brazil",2000,168347
"Brazil",2001,181265
"Brazil",2002,203978
"Brazil",2003,222949
"Brazil",2004,239892
"Brazil",2005,253540
"Brazil",2006,261505
"Brazil",2007,273162
"Brazil",2008,289286
"Brazil",2009,301759
"Brazil",2010,319589
"Brazil",2011,342279
"Brazil",2012,363344
"Brazil",2013,383638
"Brazil",2014,405986
"Brazil",2015,449317
"Brazil",2016,477570
"China",1978,19.5956045
"China",1979,19.9638285
"China",1980,21.463109
"China",1981,22.7782777
"China",1982,22.4100052
"China",1983,22.8834774
"China",1984,23.4884375
"China",1985,26.3028383
"China",1986,26.5122475
"China",1987,28.872484
"China",1988,36.9281285
"China",1989,39.3654646
"China",1990,41.0566756
"China",1991,42.9045742
"China",1992,46.6799577
"China",1993,48.122937
"China",1994,60.3942854
"China",1995,66.4941082
"China",1996,71.1486957
"China",1997,71.433291
"China",1998,70.718958
"China",1999,70.0117685
"China",2000,71.0619448
"China",2001,70.8487591
"China",2002,70.5457993
"China",2003,72.8081812
"China",2004,74.4876059
"China",2005,75.665965
"China",2006,77.7931121
"China",2007,82.9109083
"China",2008,83.9556038
"China",2009,85.3861419
"China",2010,89.2894279
"China",2011,92.8853945
"China",2012,95.2366091
"China",2013,97.6238001
"China",2014,99
"China",2015,100.6
"China",2016,102.6
"Croatia",1951,0.426884
"Croatia",1952,0.443992
"Croatia",1953,0.404073
"Croatia",1954,0.466802
"Croatia",1955,0.517312
"Croatia",1956,0.540122
"Croatia",1957,0.55723
"Croatia",1958,0.55723
"Croatia",1959,0.580041
"Croatia",1960,0.637067
"Croatia",1961,0.711202
"Croatia",1962,0.768228
"Croatia",1963,0.796741
"Croatia",1964,0.944195
"Croatia",1965,1.433809
"Croatia",1966,1.507943
"Croatia",1967,1.569857
"Croatia",1968,1.689613
"Croatia",1969,1.871283
"Croatia",1970,2.087984
"Croatia",1971,2.463544
"Croatia",1972,2.8611
"Croatia",1973,3.464766
"Croatia",1974,4.266395
"Croatia",1975,5.154379
"Croatia",1976,5.631772
"Croatia",1977,6.377189
"Croatia",1978,7.429735
"Croatia",1979,9.153564
"Croatia",1980,12.475763
"Croatia",1981,16.924643
"Croatia",1982,22.67617
"Croatia",1983,35.840325
"Croatia",1984,52.923827
"Croatia",1985,98.861096
"Croatia",1986,189.1837
"Croatia",1987,517.766173
"Croatia",1988,1769.420713
"Croatia",1989,47501.855786
"Croatia",1990,108006.16163
"Croatia",1991,371782.541889
"Croatia",1992,43.884316
"Croatia",1993,541.129105
"Croatia",1994,554.326661
"Croatia",1995,579.699369
"Croatia",1996,601.317291
"Croatia",1997,631.468817
"Croatia",1998,669.271667
"Croatia",1999,695.415047
"Croatia",2000,733.510362
"Croatia",2001,750.689994
"Croatia",2002,764.882255
"Croatia",2003,777.580421
"Croatia",2004,798.495288
"Croatia",2005,827.626855
"Croatia",2006,844.806488
"Croatia",2007,893.686323
"Croatia",2008,918.940905
"Croatia",2009,936.048847
"Croatia",2010,953.971454
"Croatia",2011,973.523388
"Croatia",2012,999.844531
"Croatia",2013,1002.637393
"Croatia",2014,997.982623
"Croatia",2015,992
"Croatia",2016,994
"Cyprus",1942,4.823969
"Cyprus",1943,5.609333
"Cyprus",1944,5.1605412
"Cyprus",1945,5.1605412
"Cyprus",1946,5.3848936
"Cyprus",1947,5.9458183
"Cyprus",1948,7.4024142
"Cyprus",1949,7.2267395
"Cyprus",1950,7.7561105
"Cyprus",1951,8.6983735
"Cyprus",1952,8.9158589
"Cyprus",1953,9.2783346
"Cyprus",1954,9.7133054
"Cyprus",1955,10.4059208
"Cyprus",1956,11.2274454
"Cyprus",1957,11.9608285
"Cyprus",1958,12.110165
"Cyprus",1959,12.3974509
"Cyprus",1960,12.4663821
"Cyprus",1961,12.3054846
"Cyprus",1962,12.5123653
"Cyprus",1963,12.6502277
"Cyprus",1964,12.6731758
"Cyprus",1965,12.5697355
"Cyprus",1966,12.7076849
"Cyprus",1967,12.6962108
"Cyprus",1968,14.5705665
"Cyprus",1969,15.1314912
"Cyprus",1970,15.5381246
"Cyprus",1971,16.4216264
"Cyprus",1972,17.1649189
"Cyprus",1973,18.8477797
"Cyprus",1974,22.0155738
"Cyprus",1975,22.1233604
"Cyprus",1976,23.2545974
"Cyprus",1977,25.2797674
"Cyprus",1978,27.3692615
"Cyprus",1979,30.0571448
"Cyprus",1980,34.1006176
"Cyprus",1981,37.6260197
"Cyprus",1982,39.3526035
"Cyprus",1983,40.9714008
"Cyprus",1984,44.316695
"Cyprus",1985,45.1440436
"Cyprus",1986,46.4116654
"Cyprus",1987,47.4540655
"Cyprus",1988,49.4483772
"Cyprus",1989,50.8534269
"Cyprus",1990,53.7994763
"Cyprus",1991,57.3347008
"Cyprus",1992,60.5667323
"Cyprus",1993,62.7529735
"Cyprus",1994,66.2431711
"Cyprus",1995,67.3304243
"Cyprus",1996,69.0195436
"Cyprus",1997,71.714207
"Cyprus",1998,72.3924799
"Cyprus",1999,74.8647901
"Cyprus",2000,77.3550937
"Cyprus",2001,79.1910287
"Cyprus",2002,81.5211302
"Cyprus",2003,83.5506464
"Cyprus",2004,87.0571858
"Cyprus",2005,88.9499695
"Cyprus",2006,90.4016108
"Cyprus",2007,93.9394431
"Cyprus",2008,95.9126321
"Cyprus",2009,97.8771286
"Cyprus",2010,99.5286965
"Cyprus",2011,103.3968423
"Cyprus",2012,104.5355549
"Cyprus",2013,102.1277428
"Cyprus",2014,100.6326392
"Cyprus",2015,99.3983096
"Cyprus",2016,99.61
"Czech Republic",1914,16.57386
"Czech Republic",1921,200.1195
"Czech Republic",1922,123.5956
"Czech Republic",1923,116.9078
"Czech Republic",1924,114.5928
"Czech Republic",1925,111.3775
"Czech Republic",1926,117.2937
"Czech Republic",1927,117.4223
"Czech Republic",1928,116.3934
"Czech Republic",1929,113.1781
"Czech Republic",1930,104.1753
"Czech Republic",1931,101.5193
"Czech Republic",1932,103.29
"Czech Republic",1933,100.4864
"Czech Republic",1934,100.1913
"Czech Republic",1935,104.7655
"Czech Republic",1936,104.1753
"Czech Republic",1937,106.7656
"Czech Republic",1938,113.6356
"Czech Republic",1939,120.2803
"Czech Republic",1940,135.5518
"Czech Republic",1941,170.0141
"Czech Republic",1942,191.8402
"Czech Republic",1943,238.9388
"Czech Republic",1944,182.6503
"Czech Republic",1945,236.6413
"Czech Republic",1946,391.7217
"Czech Republic",1947,366.4493
"Czech Republic",1948,372.1931
"Czech Republic",1963,29.9441
"Czech Republic",1964,30.2528
"Czech Republic",1965,30.2528
"Czech Republic",1966,30.5615
"Czech Republic",1967,30.7713
"Czech Republic",1968,31.4005
"Czech Republic",1969,31.9008
"Czech Republic",1970,32.0267
"Czech Republic",1971,31.8064
"Czech Republic",1972,31.3911
"Czech Republic",1973,31.4096
"Czech Republic",1974,31.6301
"Czech Republic",1975,31.8506
"Czech Republic",1976,32.0712
"Czech Republic",1977,32.7957
"Czech Republic",1978,33.2683
"Czech Republic",1979,35.1585
"Czech Republic",1980,35.2846
"Czech Republic",1981,35.7256
"Czech Republic",1982,37.3008
"Czech Republic",1983,37.6474
"Czech Republic",1984,38.498
"Czech Republic",1985,38.9409
"Czech Republic",1986,39.1521
"Czech Republic",1987,39.1169
"Czech Republic",1988,39.5112
"Czech Republic",1989,40.0968
"Czech Republic",1990,47.4759
"Czech Republic",1991,71.3409
"Czech Republic",1992,79.53
"Czech Republic",1993,86.9829
"Czech Republic",1994,95.5796
"Czech Republic",1995,103.094
"Czech Republic",1996,111.983
"Czech Republic",1997,123.163
"Czech Republic",1998,131.502
"Czech Republic",1999,134.893
"Czech Republic",2000,140.3
"Czech Republic",2001,146.1
"Czech Republic",2002,146.9
"Czech Republic",2003,148.4
"Czech Republic",2004,152.6
"Czech Republic",2005,155.9
"Czech Republic",2006,158.6
"Czech Republic",2007,167.3
"Czech Republic",2008,173.4
"Czech Republic",2009,175.1
"Czech Republic",2010,179.1
"Czech Republic",2011,183.4
"Czech Republic",2012,187.8
"Czech Republic",2013,190.4
"Czech Republic",2014,190.5
"Czech Republic",2015,190.7
"Czech Republic",2016,194.4
"Israel",1922,0.1341
"Israel",1923,0.1145
"Israel",1924,0.1338
"Israel",1925,0.1267
"Israel",1926,0.1259
"Israel",1927,0.1133
"Israel",1928,0.1107
"Israel",1929,0.1042
"Israel",1930,0.0875
"Israel",1931,0.0879
"Israel",1932,0.0825
"Israel",1933,0.0848
"Israel",1934,0.083
"Israel",1935,0.0811
"Israel",1936,0.0867
"Israel",1937,0.087
"Israel",1938,0.0879
"Israel",1939,0.0941
"Israel",1940,0.1134
"Israel",1941,0.1528
"Israel",1942,0.1959
"Israel",1943,0.2134
"Israel",1944,0.2312
"Israel",1945,0.2428
"Israel",1946,0.251
"Israel",1947,0.2725
"Israel",1948,0.3605
"Israel",1949,0.317
"Israel",1950,0.32
"Israel",1951,0.3769
"Israel",1952,0.627
"Israel",1953,0.7468
"Israel",1954,0.8031
"Israel",1955,0.8419
"Israel",1956,0.8806
"Israel",1957,0.9264
"Israel",1958,0.9652
"Israel",1959,0.9853
"Israel",1960,1.0192
"Israel",1961,1.1113
"Israel",1962,1.2248
"Israel",1963,1.2859
"Israel",1964,1.3431
"Israel",1965,1.4382
"Israel",1966,1.5505
"Israel",1967,1.5531
"Israel",1968,1.5832
"Israel",1969,1.6446
"Israel",1970,1.8107
"Israel",1971,2.053
"Israel",1972,2.3066
"Israel",1973,2.9165
"Israel",1974,4.5549
"Israel",1975,5.6261
"Israel",1976,7.7654
"Israel",1977,11.069
"Israel",1978,16.3975
"Israel",1979,34.6619
"Israel",1980,80.745
"Israel",1981,162.6902
"Israel",1982,376.6336
"Israel",1983,1094.8445
"Israel",1984,5.9655649
"Israel",1985,17.0122988
"Israel",1986,20.3526699
"Israel",1987,23.6345527
"Israel",1988,27.5162539
"Israel",1989,33.2100352
"Israel",1990,39.0589023
"Israel",1991,46.1041289
"Israel",1992,50.4243086
"Israel",1993,56.0959375
"Israel",1994,64.2031953
"Israel",1995,69.4059609
"Israel",1996,76.7542031
"Israel",1997,82.1178672
"Israel",1998,89.1979297
"Israel",1999,90.3964922
"Israel",2000,90.3964922
"Israel",2001,91.6705234
"Israel",2002,97.6255
"Israel",2003,95.7841484
"Israel",2004,96.9404922
"Israel",2005,99.2531953
"Israel",2006,99.1568281
"Israel",2007,102.5
"Israel",2008,106.4
"Israel",2009,105.2
"Israel",2010,108
"Israel",2011,104
"Israel",2012,100.5
"Israel",2013,102.3
"Israel",2014,102.1
"Israel",2015,99.1
"Israel",2016,98.9
"Malaysia",1948,17.0357714
"Malaysia",1949,16.6300952
"Malaysia",1950,20.2888038
"Malaysia",1951,23.6148229
"Malaysia",1952,22.2844152
"Malaysia",1953,21.9518133
"Malaysia",1954,20.6214057
"Malaysia",1955,20.346019
"Malaysia",1956,21.0168305
"Malaysia",1957,21.6316533
"Malaysia",1958,21.1285448
"Malaysia",1959,20.9959771
"Malaysia",1960,20.8832114
"Malaysia",1961,20.7929638
"Malaysia",1962,20.8832114
"Malaysia",1963,21.8078552
"Malaysia",1964,21.5145943
"Malaysia",1965,21.5145943
"Malaysia",1966,21.7852495
"Malaysia",1967,23.0030667
"Malaysia",1968,22.3490781
"Malaysia",1969,22.8451771
"Malaysia",1970,22.9805486
"Malaysia",1971,23.6345371
"Malaysia",1972,24.4915391
"Malaysia",1973,28.9342629
"Malaysia",1974,32.4073067
"Malaysia",1975,32.7681219
"Malaysia",1976,34.0084571
"Malaysia",1977,35.8351391
"Malaysia",1978,37.2333638
"Malaysia",1979,39.1954171
"Malaysia",1980,41.9918667
"Malaysia",1981,45.54736
"Malaysia",1982,48.0574705
"Malaysia",1983,49.5554933
"Malaysia",1984,50.4057486
"Malaysia",1985,50.9320762
"Malaysia",1986,51.6608038
"Malaysia",1987,51.8632038
"Malaysia",1988,53.6851543
"Malaysia",1989,54.8187695
"Malaysia",1990,56.6585067
"Malaysia",1991,59.0470019
"Malaysia",1992,61.9354514
"Malaysia",1993,64.0462819
"Malaysia",1994,67.4630743
"Malaysia",1995,69.6542514
"Malaysia",1996,71.9780838
"Malaysia",1997,74.0365181
"Malaysia",1998,77.9541409
"Malaysia",1999,79.8797448
"Malaysia",2000,80.8411886
"Malaysia",2001,81.8026324
"Malaysia",2002,83.1646705
"Malaysia",2003,84.1261143
"Malaysia",2004,85.8887467
"Malaysia",2005,88.9333333
"Malaysia",2006,91.6495238
"Malaysia",2007,93.84
"Malaysia",2008,97.9580952
"Malaysia",2009,99.0095238
"Malaysia",2010,101.2
"Malaysia",2011,104.2
"Malaysia",2012,105.5
"Malaysia",2013,108.9
"Malaysia",2014,111.8
"Malaysia",2015,114.8
"Malaysia",2016,116.9
"Peru",1900,2.05206
"Peru",1901,2.21007
"Peru",1902,1.79016
"Peru",1903,2.02645
"Peru",1904,2.10549
"Peru",1905,2.76451
"Peru",1906,2.79215
"Peru",1907,2.8452
"Peru",1908,2.97609
"Peru",1909,2.55348
"Peru",1910,2.49986
"Peru",1911,2.57985
"Peru",1912,2.34251
"Peru",1913,2.63298
"Peru",1914,2.73895
"Peru",1915,2.95089
"Peru",1916,3.24435
"Peru",1917,3.7416
"Peru",1918,4.32036
"Peru",1919,4.95619
"Peru",1920,5.53496
"Peru",1921,5.2415
"Peru",1922,5.0051
"Peru",1923,4.74425
"Peru",1924,4.9725
"Peru",1925,5.38823
"Peru",1926,5.16813
"Peru",1927,4.80946
"Peru",1928,4.58937
"Peru",1929,4.54046
"Peru",1930,4.2633
"Peru",1931,4.01875
"Peru",1932,3.93724
"Peru",1933,3.88833
"Peru",1934,3.93724
"Peru",1935,4.07582
"Peru",1936,4.25515
"Peru",1937,4.57307
"Peru",1938,4.39373
"Peru",1939,4.59752
"Peru",1940,5.02141
"Peru",1941,5.55126
"Peru",1942,6.03221
"Peru",1943,6.77401
"Peru",1944,7.65438
"Peru",1945,8.494
"Peru",1946,9.42329
"Peru",1947,13.75995
"Peru",1948,15.61853
"Peru",1949,18.53681
"Peru",1950,20.26496
"Peru",1951,21.83007
"Peru",1952,23.32997
"Peru",1953,25.41679
"Peru",1954,26.61508
"Peru",1955,27.86228
"Peru",1956,29.59858
"Peru",1957,31.91364
"Peru",1958,34.81562
"Peru",1959,40.61958
"Peru",1960,41.62223
"Peru",1961,45.28232
"Peru",1962,47.55662
"Peru",1963,51.71395
"Peru",1964,57.51791
"Peru",1965,66.09343
"Peru",1966,71.13929
"Peru",1967,84.50797
"Peru",1968,92.83894
"Peru",1969,98.1375
"Peru",1970,103.68061
"Peru",1971,111.62845
"Peru",1972,116.42161
"Peru",1973,132.43956
"Peru",1974,157.79929
"Peru",1975,195.63917
"Peru",1976,283.04911
"Peru",1977,374.87725
"Peru",1978,651.11975
"Peru",1979,1079.01521
"Peru",1980,1.7347325
"Peru",1981,2.9957899
"Peru",1982,5.181218
"Peru",1983,11.6614964
"Peru",1984,24.6591593
"Peru",1985,63.6839885
"Peru",1986,103.740105
"Peru",1987,222.5575988
"Peru",1988,4055.120044
"Peru",1989,116.5967243
"Peru",1990,9035.925828
"Peru",1991,21.6165651
"Peru",1992,33.8803114
"Peru",1993,47.2561563
"Peru",1994,54.5274085
"Peru",1995,60.1045766
"Peru",1996,67.2209558
"Peru",1997,71.5654649
"Peru",1998,75.864254
"Peru",1999,78.6912623
"Peru",2000,81.629779
"Peru",2001,81.5258222
"Peru",2002,82.7616232
"Peru",2003,84.817221
"Peru",2004,87.7697765
"Peru",2005,89.0813093
"Peru",2006,90.0945717
"Peru",2007,93.6331976
"Peru",2008,99.8599741
"Peru",2009,100.1049725
"Peru",2010,102.18
"Peru",2011,107
"Peru",2012,109.9
"Peru",2013,116.6
"Peru",2014,116.6
"Peru",2015,121.78
"Peru",2016,125.72
"Romania",1914,1.8881746
"Romania",1921,22.053879
"Romania",1922,38.084481
"Romania",1923,48.8281943
"Romania",1924,58.1557767
"Romania",1925,63.8203004
"Romania",1926,70.9953638
"Romania",1927,75.0171756
"Romania",1928,80.0019565
"Romania",1929,80.2474191
"Romania",1930,76.47107
"Romania",1931,65.8856891
"Romania",1932,57.8873184
"Romania",1933,54.1848084
"Romania",1934,53.9
"Romania",1935,61.4
"Romania",1936,61.1
"Romania",1937,73
"Romania",1938,75.5
"Romania",1939,95.3015625
"Romania",1940,135.8929688
"Romania",1941,189.4265625
"Romania",1970,0.0256
"Romania",1971,0.0257
"Romania",1972,0.0257
"Romania",1973,0.0259
"Romania",1974,0.0262
"Romania",1975,0.0263
"Romania",1976,0.0264
"Romania",1977,0.0266
"Romania",1978,0.027
"Romania",1979,0.0275
"Romania",1980,0.0281
"Romania",1981,0.029
"Romania",1982,0.0342
"Romania",1983,0.0356
"Romania",1984,0.0359
"Romania",1985,0.0362
"Romania",1986,0.0366
"Romania",1987,0.0369
"Romania",1988,0.0377
"Romania",1989,0.0381
"Romania",1990,0.055
"Romania",1991,0.1775
"Romania",1992,0.5283
"Romania",1993,2.0904
"Romania",1994,3.3809
"Romania",1995,4.3189
"Romania",1996,6.48
"Romania",1997,16.3
"Romania",1998,22.91
"Romania",1999,35.47
"Romania",2000,52.2147
"Romania",2001,65.03
"Romania",2002,76.61
"Romania",2003,87.45
"Romania",2004,95.56
"Romania",2005,108.6
"Romania",2006,113.94
"Romania",2007,116.25
"Romania",2008,123.66
"Romania",2009,129.47
"Romania",2010,139.76
"Romania",2011,144.2
"Romania",2012,150.78
"Romania",2013,152.77
"Romania",2014,154.35
"Romania",2015,153.3
"Romania",2016,153.17
"Slovakia",1963,16.986
"Slovakia",1964,17.1611
"Slovakia",1965,17.1611
"Slovakia",1966,17.3362
"Slovakia",1967,17.4552
"Slovakia",1968,17.8121
"Slovakia",1969,18.096
"Slovakia",1970,18.1673
"Slovakia",1971,18.0424
"Slovakia",1972,17.8068
"Slovakia",1973,17.8173
"Slovakia",1974,17.9423
"Slovakia",1975,18.0675
"Slovakia",1976,18.1925
"Slovakia",1977,18.6036
"Slovakia",1978,18.8717
"Slovakia",1979,19.9439
"Slovakia",1980,20.0154
"Slovakia",1981,20.2656
"Slovakia",1982,21.1591
"Slovakia",1983,21.3557
"Slovakia",1984,21.8382
"Slovakia",1985,22.0894
"Slovakia",1986,22.2093
"Slovakia",1987,22.1893
"Slovakia",1988,22.413
"Slovakia",1989,22.7452
"Slovakia",1990,26.931
"Slovakia",1991,41.7885
"Slovakia",1992,45.5735
"Slovakia",1993,56.9944
"Slovakia",1994,63.6401
"Slovakia",1995,68.1955
"Slovakia",1996,71.8771
"Slovakia",1997,76.5188
"Slovakia",1998,80.8191
"Slovakia",1999,92.2867
"Slovakia",2000,100
"Slovakia",2001,106.4
"Slovakia",2002,110
"Slovakia",2003,120.1
"Slovakia",2004,127.3
"Slovakia",2005,132
"Slovakia",2006,137.5
"Slovakia",2007,142.2
"Slovakia",2008,148.4
"Slovakia",2009,149.2
"Slovakia",2010,151.2
"Slovakia",2011,157.9
"Slovakia",2012,163
"Slovakia",2013,163.7
"Slovakia",2014,163.5
"Slovakia",2015,162.7
"Slovakia",2016,163
"Slovenia",1951,13.7434
"Slovenia",1952,17.0911
"Slovenia",1953,18.0744
"Slovenia",1954,18.0744
"Slovenia",1955,18.8486
"Slovenia",1956,19.0997
"Slovenia",1957,20.648
"Slovenia",1958,22.1963
"Slovenia",1959,25.2929
"Slovenia",1960,25.8159
"Slovenia",1961,28.4104
"Slovenia",1962,36.1489
"Slovenia",1963,48.9119
"Slovenia",1964,52.7826
"Slovenia",1965,55.7298
"Slovenia",1966,59.3494
"Slovenia",1967,65.0196
"Slovenia",1968,74.8952
"Slovenia",1969,85.5838
"Slovenia",1970,104.1186
"Slovenia",1971,123.2601
"Slovenia",1972,155.7714
"Slovenia",1973,176.9842
"Slovenia",1974,198.8039
"Slovenia",1975,225.9589
"Slovenia",1976,270.5606
"Slovenia",1977,341.2264
"Slovenia",1978,495.4913
"Slovenia",1979,649.0867
"Slovenia",1980,876.7822
"Slovenia",1981,1327.8809
"Slovenia",1982,2.3604105
"Slovenia",1983,4.6728418
"Slovenia",1984,8.7107916
"Slovenia",1985,22.6022549
"Slovenia",1986,144.5004621
"Slovenia",1987,2841.279694
"Slovenia",1988,5.14935
"Slovenia",1989,21.1920332
"Slovenia",1990,27.3216143
"Slovenia",1991,32.9491015
"Slovenia",1992,37.9489989
"Slovenia",1993,42.0702519
"Slovenia",1994,45.4593214
"Slovenia",1995,49.2249441
"Slovenia",1996,51.337863
"Slovenia",1997,56.2959145
"Slovenia",1998,61.4213196
"Slovenia",1999,66.0237408
"Slovenia",2000,71.17078
"Slovenia",2001,76.1865913
"Slovenia",2002,81.7039838
"Slovenia",2003,85.4837558
"Slovenia",2004,88.2334953
"Slovenia",2005,90.2666902
"Slovenia",2006,92.7656391
"Slovenia",2007,97.9964137
"Slovenia",2008,100
"Slovenia",2009,100
"Slovenia",2010,100
"Slovenia",2011,100
"Slovenia",2012,100
"Slovenia",2013,100
"Slovenia",2014,98.7
"Slovenia",2015,100
"Slovenia",2016,100
"South Korea",1948,0.0127878
"South Korea",1949,0.0192993
"South Korea",1950,0.0284783
"South Korea",1951,0.1435683
"South Korea",1952,0.2938836
"South Korea",1953,0.4303911
"South Korea",1954,0.6455083
"South Korea",1955,0.8404631
"South Korea",1956,1.2244887
"South Korea",1957,1.1483896
"South Korea",1958,1.2099749
"South Korea",1959,1.3114142
"South Korea",1960,1.3875132
"South Korea",1961,1.4490986
"South Korea",1962,1.6579395
"South Korea",1963,2.1123371
"South Korea",1964,2.5544962
"South Korea",1965,2.7574768
"South Korea",1966,3.1772908
"South Korea",1967,3.5442865
"South Korea",1968,3.9349594
"South Korea",1969,4.5760637
"South Korea",1970,5.2362918
"South Korea",1971,5.711656
"South Korea",1972,6.2352852
"South Korea",1973,6.765289
"South Korea",1974,8.5538241
"South Korea",1975,10.8177235
"South Korea",1976,11.8558753
"South Korea",1977,13.1544756
"South Korea",1978,15.3109172
"South Korea",1979,18.5583287
"South Korea",1980,24.534076
"South Korea",1981,27.8934986
"South Korea",1982,29.2421853
"South Korea",1983,29.8159007
"South Korea",1984,30.5462496
"South Korea",1985,31.4669263
"South Korea",1986,31.9040428
"South Korea",1987,33.8346408
"South Korea",1988,36.2651909
"South Korea",1989,38.1038123
"South Korea",1990,41.6617587
"South Korea",1991,45.5156695
"South Korea",1992,47.5446187
"South Korea",1993,50.3030061
"South Korea",1994,53.1032839
"South Korea",1995,55.6276319
"South Korea",1996,58.3678061
"South Korea",1997,62.2044144
"South Korea",1998,64.6713908
"South Korea",1999,65.5474452
"South Korea",2000,67.3696747
"South Korea",2001,69.5006178
"South Korea",2002,72.0959972
"South Korea",2003,74.5602416
"South Korea",2004,76.8232304
"South Korea",2005,78.8357877
"South Korea",2006,80.48226
"South Korea",2007,83.3854423
"South Korea",2008,86.8368416
"South Korea",2009,89.2683023
"South Korea",2010,91.9766034
"South Korea",2011,95.8013731
"South Korea",2012,97.1673622
"South Korea",2013,98.2601536
"South Korea",2014,99.0797471
"South Korea",2015,100.3546703
"South Korea",2016,101.56
"Taiwan",1897,0.0065804
"Taiwan",1898,0.0070932
"Taiwan",1899,0.0066659
"Taiwan",1900,0.0075204
"Taiwan",1901,0.0073496
"Taiwan",1902,0.0076059
"Taiwan",1903,0.0080332
"Taiwan",1904,0.0088024
"Taiwan",1905,0.0092296
"Taiwan",1906,0.0092296
"Taiwan",1907,0.0093151
"Taiwan",1908,0.0097424
"Taiwan",1909,0.010426
"Taiwan",1910,0.0112807
"Taiwan",1911,0.0121353
"Taiwan",1912,0.0132463
"Taiwan",1913,0.012819
"Taiwan",1914,0.0125625
"Taiwan",1915,0.0117934
"Taiwan",1916,0.012648
"Taiwan",1917,0.0155536
"Taiwan",1918,0.0193993
"Taiwan",1919,0.0240996
"Taiwan",1920,0.0215359
"Taiwan",1921,0.0190575
"Taiwan",1922,0.0176902
"Taiwan",1923,0.0173483
"Taiwan",1924,0.0185446
"Taiwan",1925,0.0193993
"Taiwan",1926,0.0188012
"Taiwan",1927,0.0176902
"Taiwan",1928,0.0179466
"Taiwan",1929,0.0181174
"Taiwan",1930,0.01581
"Taiwan",1931,0.0142717
"Taiwan",1932,0.0141008
"Taiwan",1933,0.01487
"Taiwan",1934,0.0152118
"Taiwan",1935,0.0161519
"Taiwan",1936,0.0171773
"Taiwan",1937,0.0182883
"Taiwan",1938,0.0193139
"Taiwan",1939,0.0217067
"Taiwan",1940,0.0223049
"Taiwan",1941,0.0237578
"Taiwan",1942,0.0263215
"Taiwan",1943,0.0321328
"Taiwan",1944,0.0513612
"Taiwan",1945,0.1675863
"Taiwan",1946,1.7251721
"Taiwan",1947,6.1765897
"Taiwan",1948,40.9470939
"Taiwan",1949,2020.0733544
"Taiwan",1950,4868.8255935
"Taiwan",1951,6592.6767958
"Taiwan",1952,7687.987971
"Taiwan",1953,8686.7699244
"Taiwan",1954,7903.5155313
"Taiwan",1955,8914.5822101
"Taiwan",1956,10067.3306698
"Taiwan",1957,10221.0302054
"Taiwan",1958,10374.7288847
"Taiwan",1959,11455.3566009
"Taiwan",1960,13643.6722307
"Taiwan",1961,14205.0227618
"Taiwan",1962,14623.6570561
"Taiwan",1963,14709.2867982
"Taiwan",1964,14794.9165402
"Taiwan",1965,14890.060698
"Taiwan",1966,15137.4355083
"Taiwan",1967,15803.4446131
"Taiwan",1968,16754.8861912
"Taiwan",1969,17725.3566009
"Taiwan",1970,18391.3657056
"Taiwan",1971,18886.1153263
"Taiwan",1972,19380.8649469
"Taiwan",1973,24042.9286798
"Taiwan",1974,32206.2974203
"Taiwan",1975,32282.4127466
"Taiwan",1976,33452.6858877
"Taiwan",1977,35707.6024279
"Taiwan",1978,38438.2397572
"Taiwan",1979,43252.5341426
"Taiwan",1980,52852.5796662
"Taiwan",1981,57647.84522
"Taiwan",1982,59046.4643399
"Taiwan",1983,58342.3975721
"Taiwan",1984,59303.353566
"Taiwan",1985,58532.6858877
"Taiwan",1986,60064.5068285
"Taiwan",1987,61225.2655539
"Taiwan",1988,61900.7890744
"Taiwan",1989,63841.7298938
"Taiwan",1990,66753.1411229
"Taiwan",1991,69341.0622155
"Taiwan",1992,71710.1517451
"Taiwan",1993,75030.6828528
"Taiwan",1994,77019.1957511
"Taiwan",1995,80539.5295903
"Taiwan",1996,82575.6145675
"Taiwan",1997,82794.4461305
"Taiwan",1998,84545.0986343
"Taiwan",1999,84668.7860395
"Taiwan",2000,86067.4051593
"Taiwan",2001,84611.6995448
"Taiwan",2002,85258.6798179
"Taiwan",2003,85211.107739
"Taiwan",2004,86590.6980273
"Taiwan",2005,88503.0955994
"Taiwan",2006,89102.5037936
"Taiwan",2007,92071.0015175
"Taiwan",2008,93231.7602428
"Taiwan",2009,93003.414264
"Taiwan",2010,94154.6585736
"Taiwan",2011,96067.0561457
"Taiwan",2012,97608.3915023
"Taiwan",2013,97941.3960546
"Taiwan",2014,98540.8042489
"Taiwan",2015,98664.491654
"Taiwan",2016,100339.0288316
